kit	region	target	fwd_name	fwd_seq	rev_name	rev_seq	amplicon_min_bp	amplicon_max_bp	adapter_r1	adapter_r2	notes	reference
canonical	V1V2	16S	27F	AGAGTTTGATCMTGGCTCAG	338R	TGCTGCCTCCCGTAGGAGT	250	350			Standard published primers	Lane 1991; Muyzer 1993
canonical	V2V3	16S	338F	ACTCCTACGGGAGGCAGCAG	533R	TTACCGCGGCTGCTGGCAC	170	230			Standard published primers	Muyzer 1993
canonical	V3V4	16S	341F	CCTACGGGNGGCWGCAG	806R	GGACTACHVGGGTWTCTAAT	370	460			Standard published primers	Klindworth 2013
canonical	V4	16S	515F	GTGYCAGCMGCCGCGGTAA	806R	GGACTACNVGGGTWTCTAAT	240	300			Standard published primers	Parada 2016; Apprill 2015
canonical	V4V5	16S	515F	GTGYCAGCMGCCGCGGTAA	926R	CCGYCAATTYMTTTRAGTTT	340	420			Standard published primers	Parada 2016; Quince 2011
canonical	V5V7	16S	799F	AACMGGATTAGATACCCKG	1193R	ACGTCATCCCCACCTTCC	340	400			Standard published primers	Claesson 2010
canonical	V7V9	16S	1115F	CAACGAGCGCAACCCT	1392R	ACGGGCGGTGTGTRC	340	400			Standard published primers	Caporaso 2011
EMP	V4	16S	515F	GTGYCAGCMGCCGCGGTAA	806R	GGACTACNVGGGTWTCTAAT	240	300			Earth Microbiome Project protocol	Parada 2016; Apprill 2015; EMP
EMP	V4V5	16S	515F	GTGYCAGCMGCCGCGGTAA	926R	CCGYCAATTYMTTTRAGTTT	340	420			Earth Microbiome Project protocol	Parada 2016; Quince 2011; EMP
Illumina	V3V4	16S	341F	CCTACGGGNGGCWGCAG	805R	GACTACHVGGGTATCTAATCC	370	460	TCGTCGGCAGCGTCAGATGTGTATAAGAGACAG	GTCTCGTGGGCTCGGAGATGTGTATAAGAGACAG	Nextera XT overhang adapters; V3V4 only	Klindworth 2013; Illumina doc 15044223
QIAseq	V1V2	16S	27Fmod	AGRGTTTGATYMTGGCTC	BSR357	CTGCTGCCTYCCGTA	250	350	GGACTCCAATACGCTAAGAA	CAAAACGCAATACTGTACATT	Staggered primers (12 variants); core seq listed	QIAseq 16S Screening Panel
QIAseq	V2V3	16S	F101mod	GGCGNACGGGTGAGTAA	518R	WTTACCGCGGCTGCTGG	170	250	GGACTCCAATACGCTAAGAA	CAAAACGCAATACTGTACATT	Staggered primers (12 variants); core seq listed	QIAseq 16S Screening Panel
QIAseq	V3V4	16S	357F	CCTACGGGNGGCWGCAG	IllR	GACTACHVGGGTATCTAATCC	370	460	GGACTCCAATACGCTAAGAA	CAAAACGCAATACTGTACATT	Single variant (no stagger)	QIAseq 16S Screening Panel
QIAseq	V4V5	16S	515F	GTGYCAGCMGCCGCGGTAA	926R	CCGYCAATTYMTTTRAGTTT	340	420	GGACTCCAATACGCTAAGAA	CAAAACGCAATACTGTACATT	Staggered primers (12 variants); core seq listed	QIAseq 16S Screening Panel
QIAseq	V5V7	16S	785F	GGATTAGATACCCBRGTAGTC	1175R	ACGTCRTCCCCDCCTTCCTC	340	400	GGACTCCAATACGCTAAGAA	CAAAACGCAATACTGTACATT	Staggered primers (12 variants); core seq listed	QIAseq 16S Screening Panel
QIAseq	V7V9	16S	P699D	YAACGAGCGMRACCC	1492R	TACGGYTACCTTGTTAYGACTT	340	400	GGACTCCAATACGCTAAGAA	CAAAACGCAATACTGTACATT	Staggered primers (12 variants); core seq listed	QIAseq 16S Screening Panel
QIAseq	ITS1	ITS	ITS1f	CTTGGTCATTTAGAGGAAGTAA	ITS2	GCTGCGTTCTTCATCGATGC	200	400	GGACTCCAATACGCTAAGAA	CAAAACGCAATACTGTACATT	Staggered primers (12 variants); core seq listed	QIAseq 16S Screening Panel
Zymo	V1V2	16S	27f	AGRGTTYGATYMTGGCTCAG	341r	CTGCWGCCHCCCGTAGG	250	350			Quick-16S Plus; amplicon ~492 bp with adapters	Zymo D6400
Zymo	V1V3	16S	27f	AGRGTTYGATYMTGGCTCAG	515r	TBACCGCGGCTGCTGGCAC	400	500			Quick-16S Plus; amplicon ~492 bp with adapters	Zymo D6410
Zymo	V4	16S	515f	GTGYCAGCMGCCGCGGTAA	806r	GGACTACNVGGGTWTCTAAT	240	300			Quick-16S Plus; amplicon ~388 bp with adapters	Zymo D6420
